[
  {
    "Nombre_placa": "ALBACETE",
    "Nombre": "AUTOMAOR, S.L.",
    "Direccion": "AVDA. GREGORIO ARCOS, 33",
    "Localidad": "ALBACETE",
    "CodigoPostal": "02007",
    "Provincia": "ALBACETE",
    "Nombre_placafinal": "AUTOMAOR",
    "lat": 39.01471,
    "lng": -1.87984,
    "activo": false,
    "nproyectos": 0
  },
  {
    "Nombre_placa": "ALCALÁ DE HENARES",
    "Nombre": "AUTOCARPE CONCESIONARIO, S.L.",
    "Direccion": "POLÍGONO AZQUE, C/CHILE, 11",
    "Localidad": "ALCALÁ DE HENARES",
    "CodigoPostal": "28806",
    "Provincia": "MADRID",
    "Nombre_placafinal": "AUTOCARPE CONCESIONARIO",
    "lat": 40.505642,
    "lng": -3.395913,
    "activo": false,
    "nproyectos": 0
  },
  {
    "Nombre_placa": "ALCOBENDAS",
    "Nombre": "AUTOFER, S.L.",
    "Direccion": "MARQUÉS DE LA VALDAVIA, 111",
    "Localidad": "ALCOBENDAS",
    "CodigoPostal": "28100",
    "Provincia": "MADRID",
    "Nombre_placafinal": "AUTOFER",
    "lat": 40.546742,
    "lng": -3.654826,
    "activo": false,
    "nproyectos": 0
  },
  {
    "Nombre_placa": "ARCOS",
    "Nombre": "MOTOR ARCOS, S.L.",
    "Direccion": "AVDA. MIGUEL MANCHEÑO, 32",
    "Localidad": "ARCOS DE LA FRONTERA",
    "CodigoPostal": "11630",
    "Provincia": "CÁDIZ",
    "Nombre_placafinal": "MOTOR ARCOS",
    "lat": 36.749953,
    "lng": -5.820254,
    "activo": false,
    "nproyectos": 0
  },
  {
    "Nombre_placa": "BADAJOZ",
    "Nombre": "MARCESA SERVICIOS, S.A.",
    "Direccion": "RICARDO CARAPETO, 133",
    "Localidad": "BADAJOZ",
    "CodigoPostal": "6008",
    "Provincia": "BADAJOZ",
    "Nombre_placafinal": "MARCESA SERVICIOS",
    "lat": 38.880001,
    "lng": -6.942734,
    "activo": false,
    "nproyectos": 0
  },
  {
    "Nombre_placa": "BENISA",
    "Nombre": "TALLERES GINESTAR, S.L.U.",
    "Direccion": "CALLE FRANKLING. PARC. 4 Y 5 D",
    "Localidad": "BENISA",
    "CodigoPostal": "03720",
    "Provincia": "ALICANTE",
    "Nombre_placafinal": "TALLERES GINESTAR",
    "lat": 38.727388,
    "lng": 0.073053,
    "activo": false,
    "nproyectos": 0
  },
  {
    "Nombre_placa": "CÁDIZ",
    "Nombre": "CAETANO FÓRMULA CÁDIZ, S.L.U.",
    "Direccion": "RONDA DEL PUENTE, S/N",
    "Localidad": "CÁDIZ",
    "CodigoPostal": "11011",
    "Provincia": "CÁDIZ",
    "Nombre_placafinal": "CAETANO FÓRMULA CÁDIZ",
    "lat": 36.495139,
    "lng": -6.266962,
    "activo": false,
    "nproyectos": 0
  },
  {
    "Nombre_placa": "CAETANO CANARIAS",
    "Nombre": "CAETANO FORMULA CANARIAS, S.L.",
    "Direccion": "P.I. ARINAGA, C/ ENCINA, 30",
    "Localidad": "AGÜIMES",
    "CodigoPostal": "35118",
    "Provincia": "LAS PALMAS",
    "Nombre_placafinal": "CAETANO FORMULA CANARIAS",
    "lat": 27.86513,
    "lng": -15.42784,
    "activo": false,
    "nproyectos": 0
  },
  {
    "Nombre_placa": "CEUTA",
    "Nombre": "AUBENSA, S.A.",
    "Direccion": "AMPLIACIÓN MUELLE DE PONIENTE, S/N",
    "Localidad": "CEUTA",
    "CodigoPostal": "51001",
    "Provincia": "CEUTA",
    "Nombre_placafinal": "AUBENSA",
    "lat": 35.8964,
    "lng": -5.326687,
    "activo": false,
    "nproyectos": 0
  },
  {
    "Nombre_placa": "CIUDAD REAL",
    "Nombre": "ARIES CIUDAD REAL, S.L.",
    "Direccion": "CTRA. CARRION, KM. 242",
    "Localidad": "CIUDAD REAL",
    "CodigoPostal": "13005",
    "Provincia": "CIUDAD REAL",
    "Nombre_placafinal": "ARIES CIUDAD REAL",
    "lat": 38.989232,
    "lng": -3.909355,
    "activo": false,
    "nproyectos": 0
  },
  {
    "Nombre_placa": "CÓRDOBA",
    "Nombre": "MEZQUITA MOTOR, S.L.U.",
    "Direccion": "POL. LAS QUEMADAS, PARC.20-2",
    "Localidad": "CÓRDOBA",
    "CodigoPostal": "14014",
    "Provincia": "CÓRDOBA",
    "Nombre_placafinal": "MEZQUITA MOTOR",
    "lat": 37.909711,
    "lng": -4.719186,
    "activo": false,
    "nproyectos": 0
  },
  {
    "Nombre_placa": "COSTA DEL SOL",
    "Nombre": "ROMBO SOL 2002, S.L.U.",
    "Direccion": "JUAN DE LA CIERVA, 14",
    "Localidad": "MARBELLA",
    "CodigoPostal": "29601",
    "Provincia": "MÁLAGA",
    "Nombre_placafinal": "ROMBO SOL 2002",
    "lat": 36.508879,
    "lng": -4.867807,
    "activo": false,
    "nproyectos": 0
  },
  {
    "Nombre_placa": "COTA",
    "Nombre": "COTA AUTOMOCIÓN, S.A.",
    "Direccion": "CALLE OCA, 7-9-11",
    "Localidad": "MADRID",
    "CodigoPostal": "28025",
    "Provincia": "MADRID",
    "Nombre_placafinal": "COTA AUTOMOCIÓN",
    "lat": 40.38888,
    "lng": -3.73294,
    "activo": false,
    "nproyectos": 0
  },
  {
    "Nombre_placa": "ESCORIAL",
    "Nombre": "TALLERES ESCORIAL, S.L.",
    "Direccion": "AVDA. FELIPE II, 25",
    "Localidad": "EL ESCORIAL",
    "CodigoPostal": "28280",
    "Provincia": "MADRID",
    "Nombre_placafinal": "TALLERES ESCORIAL",
    "lat": 40.582866,
    "lng": -4.121182,
    "activo": false,
    "nproyectos": 0
  },
  {
    "Nombre_placa": "GABELLA",
    "Nombre": "GABELLA MOTOR, S.L.",
    "Direccion": "GRUPO ESCOLAR, 4",
    "Localidad": "POZUELO",
    "CodigoPostal": "28224",
    "Provincia": "MADRID",
    "Nombre_placafinal": "GABELLA MOTOR",
    "lat": 40.449815,
    "lng": -3.797308,
    "activo": false,
    "nproyectos": 0
  },
  {
    "Nombre_placa": "GETAFE-LEGANES",
    "Nombre": "AUTOMOCIÓN QUALITAUTO, S.A.",
    "Direccion": "CTRA. MADRID TOLEDO, PK. 9,900",
    "Localidad": "GETAFE",
    "CodigoPostal": "28901",
    "Provincia": "MADRID",
    "Nombre_placafinal": "AUTOMOCIÓN QUALITAUTO",
    "lat": 40.333002,
    "lng": -3.725116,
    "activo": false,
    "nproyectos": 0
  },
  {
    "Nombre_placa": "JAEN - GRANADA - ALICANTE",
    "Nombre": "JAPEMASA SOLAR, S.L.",
    "Direccion": "CTRA. GRANADA, KM. 336,6",
    "Localidad": "JAÉN",
    "CodigoPostal": "23001",
    "Provincia": "JAÉN",
    "Nombre_placafinal": "JAPEMASA SOLAR",
    "lat": 37.773318,
    "lng": -3.766377,
    "activo": false,
    "nproyectos": 0
  },
  {
    "Nombre_placa": "JURADO",
    "Nombre": "JOSE JURADO, S.A.U.",
    "Direccion": "VIZCONDE DE MATAMALA, 9",
    "Localidad": "MADRID",
    "CodigoPostal": "28028",
    "Provincia": "MADRID",
    "Nombre_placafinal": "JOSE JURADO",
    "lat": 40.426406,
    "lng": -3.663962,
    "activo": true,
    "nproyectos": 4
  },
  {
    "Nombre_placa": "LANZAROTE",
    "Nombre": "JUAN TOLEDO, S.L.",
    "Direccion": "CTRA. SAN BARTOLOME, KM. 2",
    "Localidad": "ARRECIFE LANZAROTE",
    "CodigoPostal": "35500",
    "Provincia": "LAS PALMAS",
    "Nombre_placafinal": "JUAN TOLEDO",
    "lat": 28.978808,
    "lng": -13.574608,
    "activo": false,
    "nproyectos": 0
  },
  {
    "Nombre_placa": "MÁLAGA",
    "Nombre": "TAHERMO, S.L.U.",
    "Direccion": "AVDA. VELAZQUEZ, 186",
    "Localidad": "MÁLAGA",
    "CodigoPostal": "29004",
    "Provincia": "MÁLAGA",
    "Nombre_placafinal": "TAHERMO",
    "lat": 36.684336,
    "lng": -4.465704,
    "activo": false,
    "nproyectos": 0
  },
  {
    "Nombre_placa": "MELILLA",
    "Nombre": "GORGE MOTOR, S.L.",
    "Direccion": "ACTOR TALLAVI, 20",
    "Localidad": "MELILLA",
    "CodigoPostal": "52004",
    "Provincia": "MELILLA",
    "Nombre_placafinal": "GORGE MOTOR",
    "lat": 35.28753,
    "lng": -2.94132,
    "activo": false,
    "nproyectos": 0
  },
  {
    "Nombre_placa": "MOSTOLES",
    "Nombre": "TALLERES  CLEMENTE, S.A.",
    "Direccion": "AV. CÁMARA DE LA INDUSTRIA, 5-7 BIS",
    "Localidad": "MOSTOLES",
    "CodigoPostal": "28938",
    "Provincia": "MADRID",
    "Nombre_placafinal": "TALLERES  CLEMENTE",
    "lat": 40.313737,
    "lng": -3.871852,
    "activo": false,
    "nproyectos": 0
  },
  {
    "Nombre_placa": "MOTOR ARI",
    "Nombre": "MOTOR ARI, S.A.",
    "Direccion": "JUAN DOMÍNGUEZ PÉREZ, 21",
    "Localidad": "LAS PALMAS DE GRAN CANARIA",
    "CodigoPostal": "35008",
    "Provincia": "LAS PALMAS",
    "Nombre_placafinal": "MOTOR ARI",
    "lat": 28.118076,
    "lng": -15.524754,
    "activo": false,
    "nproyectos": 0
  },
  {
    "Nombre_placa": "MURCIA",
    "Nombre": "HERRERO Y LÓPEZ, S.A.",
    "Direccion": "AVDA. D. JUAN DE BORBÓN, 202",
    "Localidad": "MURCIA",
    "CodigoPostal": "30110",
    "Provincia": "MURCIA",
    "Nombre_placafinal": "HERRERO Y LÓPEZ",
    "lat": 38.021075,
    "lng": -1.13903,
    "activo": false,
    "nproyectos": 0
  },
  {
    "Nombre_placa": "ORIHUELA",
    "Nombre": "TALLERES BLAS SERNA, S.A.",
    "Direccion": "Cª. MURCIA-ALICANTE, KM. 26",
    "Localidad": "ORIHUELA",
    "CodigoPostal": "03300",
    "Provincia": "ALICANTE",
    "Nombre_placafinal": "TALLERES BLAS SERNA",
    "lat": 38.101849,
    "lng": -0.931982,
    "activo": false,
    "nproyectos": 0
  },
  {
    "Nombre_placa": "PINTO",
    "Nombre": "AUTOSAE, S.A.U.",
    "Direccion": "CORMORANES , 4",
    "Localidad": "PINTO",
    "CodigoPostal": "28320",
    "Provincia": "MADRID",
    "Nombre_placafinal": "AUTOSAE",
    "lat": 40.24711,
    "lng": -3.707403,
    "activo": false,
    "nproyectos": 0
  },
  {
    "Nombre_placa": "RRG LEVANTE",
    "Nombre": "RETAIL RENAULT GROUP LEVANTE.S.A. / PISTA ADEMUZ",
    "Direccion": "PISTA ADEMUZ (CV-35), KM 3",
    "Localidad": "BURJASOT",
    "CodigoPostal": "46100",
    "Provincia": "VALENCIA",
    "Nombre_placafinal": "RETAIL RENAULT GROUP LEVANTE",
    "lat": 39.500514,
    "lng": -0.406837,
    "activo": false,
    "nproyectos": 0
  },
  {
    "Nombre_placa": "RRG MADRID",
    "Nombre": "RETAIL RENAULT GROUP MADRID, S.A. / CENTRAL",
    "Direccion": "AVDA. DE BURGOS, 93",
    "Localidad": "MADRID",
    "CodigoPostal": "28050",
    "Provincia": "MADRID",
    "Nombre_placafinal": "RETAIL RENAULT GROUP MADRID",
    "lat": 40.494269,
    "lng": -3.670313,
    "activo": false,
    "nproyectos": 0
  },
  {
    "Nombre_placa": "SEVILLA - ALMERÍA",
    "Nombre": "SYRSA AUTOMOCIÓN, S.L.",
    "Direccion": "AV. KANSAS CITY, S/N (NORTE)",
    "Localidad": "SEVILLA",
    "CodigoPostal": "41007",
    "Provincia": "SEVILLA",
    "Nombre_placafinal": "SYRSA AUTOMOCIÓN",
    "lat": 37.40365,
    "lng": -5.95938,
    "activo": false,
    "nproyectos": 0
  },
  {
    "Nombre_placa": "TOLEDO",
    "Nombre": "ARIES TOLEDO-TALAVERA, S.L.",
    "Direccion": "CTRA. MADRID-TOLEDO, KM. 63,500",
    "Localidad": "OLIAS DEL REY",
    "CodigoPostal": "45280",
    "Provincia": "TOLEDO",
    "Nombre_placafinal": "ARIES TOLEDO-TALAVERA",
    "lat": 39.910817,
    "lng": -4.009251,
    "activo": false,
    "nproyectos": 0
  },
  {
    "Nombre_placa": "ANDORRA",
    "Nombre": "BECIER VEHICLES, S.A.",
    "Direccion": "AVGDA. D'ENCLAR, 144",
    "Localidad": "ST. COLOMA-ANDORRA",
    "CodigoPostal": "AD500",
    "Provincia": "ANDORRA",
    "Nombre_placafinal": "BECIER VEHICLES",
    "lat": 42.49004,
    "lng": 1.49474,
    "activo": false,
    "nproyectos": 0
  },
  {
    "Nombre_placa": "AUSER",
    "Nombre": "AUSER CONCEPT 3000, S.A.",
    "Direccion": "PASSEIG COMERÇ, 100",
    "Localidad": "SABADELL",
    "CodigoPostal": "08203",
    "Provincia": "BARCELONA",
    "Nombre_placafinal": "AUSER CONCEPT 3000",
    "lat": 41.52952,
    "lng": 2.1085,
    "activo": false,
    "nproyectos": 0
  },
  {
    "Nombre_placa": "BALEARES",
    "Nombre": "DIBAUTO PLUS, S.A.",
    "Direccion": "GREMI SUCRERS Y CANDELERS, 6",
    "Localidad": "PALMA DE MALLORCA",
    "CodigoPostal": "07009",
    "Provincia": "BALEARES",
    "Nombre_placafinal": "DIBAUTO PLUS",
    "lat": 39.607891,
    "lng": 2.657484,
    "activo": true,
    "nproyectos": 1
  },
  {
    "Nombre_placa": "BARAKALDO",
    "Nombre": "AUTONERVIÓN, S.A.",
    "Direccion": "CARRETERA SAN VICENTE, 2",
    "Localidad": "SESTAO",
    "CodigoPostal": "48910",
    "Provincia": "BIZKAIA",
    "Nombre_placafinal": "AUTONERVIÓN",
    "lat": 43.298557,
    "lng": -3.004353,
    "activo": false,
    "nproyectos": 0
  },
  {
    "Nombre_placa": "BARCELONA",
    "Nombre": "RNO BYMYCAR BARCELONA / ESPLUGAS",
    "Direccion": "AVDA. PAÏSOS CATALANS, 24-26",
    "Localidad": "ESPLUGUES LLOBREGAT",
    "CodigoPostal": "08950",
    "Provincia": "BARCELONA",
    "Nombre_placafinal": "RNO BYMYCAR BARCELONA",
    "lat": 41.37878,
    "lng": 2.09388,
    "activo": false,
    "nproyectos": 0
  },
  {
    "Nombre_placa": "BURGOS",
    "Nombre": "AUTOVICAN, S.L.",
    "Direccion": "ALCALDE MARTÍN COBOS, 26",
    "Localidad": "BURGOS",
    "CodigoPostal": "09007",
    "Provincia": "BURGOS",
    "Nombre_placafinal": "AUTOVICAN",
    "lat": 42.361029,
    "lng": -3.65234,
    "activo": true,
    "nproyectos": 3
  },
  {
    "Nombre_placa": "DURANGO",
    "Nombre": "GAURSA AUTOAK, S.L.U.",
    "Direccion": "ARRIANDI, 12",
    "Localidad": "IURRETA",
    "CodigoPostal": "48215",
    "Provincia": "BIZKAIA",
    "Nombre_placafinal": "GAURSA AUTOAK",
    "lat": 43.18274,
    "lng": -2.65959,
    "activo": false,
    "nproyectos": 0
  },
  {
    "Nombre_placa": "GERONA",
    "Nombre": "INTERCARGIRONA, S.L.",
    "Direccion": "CTRA. NACIONAL II,  KM. 710",
    "Localidad": "FORNELLS DE LA SELVA",
    "CodigoPostal": "17458",
    "Provincia": "GERONA",
    "Nombre_placafinal": "INTERCARGIRONA",
    "lat": 41.936519,
    "lng": 2.799129,
    "activo": false,
    "nproyectos": 0
  },
  {
    "Nombre_placa": "GIJON",
    "Nombre": "NORTE MOTOR, S.L.",
    "Direccion": "CTRA. AS II, 1853",
    "Localidad": "GIJÓN",
    "CodigoPostal": "33211",
    "Provincia": "ASTURIAS",
    "Nombre_placafinal": "NORTE MOTOR",
    "lat": 43.507243,
    "lng": -5.695724,
    "activo": false,
    "nproyectos": 0
  },
  {
    "Nombre_placa": "GRANOLLERS",
    "Nombre": "AUTOMOBILS PRUNA, S.A.",
    "Direccion": "CTRA. C-17, KM. 19.060",
    "Localidad": "GRANOLLERS",
    "CodigoPostal": "08403",
    "Provincia": "BARCELONA",
    "Nombre_placafinal": "AUTOMOBILS PRUNA",
    "lat": 41.591487,
    "lng": 2.261403,
    "activo": false,
    "nproyectos": 0
  },
  {
    "Nombre_placa": "HUESCA",
    "Nombre": "AUTO CUATRO, S.A.",
    "Direccion": "JOAQUÍN CAJAL LASALA, S/N.",
    "Localidad": "HUESCA",
    "CodigoPostal": "22004",
    "Provincia": "HUESCA",
    "Nombre_placafinal": "AUTO CUATRO",
    "lat": 42.134907,
    "lng": -0.41721,
    "activo": false,
    "nproyectos": 0
  },
  {
    "Nombre_placa": "IBIZA",
    "Nombre": "PUNICAUTO, S.L.",
    "Direccion": "AV. SANT JOSEP DE LA TALAIA, 65",
    "Localidad": "IBIZA",
    "CodigoPostal": "07800",
    "Provincia": "BALEARES",
    "Nombre_placafinal": "PUNICAUTO",
    "lat": 38.904084,
    "lng": 1.409007,
    "activo": false,
    "nproyectos": 0
  },
  {
    "Nombre_placa": "LÉRIDA",
    "Nombre": "AUTANSA 3000, S.L.U.",
    "Direccion": "CTRA. DE BARCELONA, KM.464",
    "Localidad": "LLEIDA",
    "CodigoPostal": "25001",
    "Provincia": "LÉRIDA",
    "Nombre_placafinal": "AUTANSA 3000",
    "lat": 41.612785,
    "lng": 0.648177,
    "activo": false,
    "nproyectos": 0
  },
  {
    "Nombre_placa": "LOGROÑO",
    "Nombre": "AUTO URBIÓN, S.L.",
    "Direccion": "AVENIDA BURGOS, 64",
    "Localidad": "LOGROÑO",
    "CodigoPostal": "26006",
    "Provincia": "LA RIOJA",
    "Nombre_placafinal": "AUTO URBIÓN",
    "lat": 42.46112,
    "lng": -2.47205,
    "activo": false,
    "nproyectos": 0
  },
  {
    "Nombre_placa": "LUGONES",
    "Nombre": "LEOMOTOR ASTURIAS, S.L./LUGONES",
    "Direccion": "AVDA. OVIEDO, 7",
    "Localidad": "LUGONES",
    "CodigoPostal": "33420",
    "Provincia": "ASTURIAS",
    "Nombre_placafinal": "LEOMOTOR ASTURIAS",
    "lat": 43.396005,
    "lng": -5.815308,
    "activo": false,
    "nproyectos": 0
  },
  {
    "Nombre_placa": "MOLINS",
    "Nombre": "REMM GUITART, S.L.",
    "Direccion": "PASSEIG DE TERRAPLE, 51",
    "Localidad": "MOLINS DE REI",
    "CodigoPostal": "08750",
    "Provincia": "BARCELONA",
    "Nombre_placafinal": "REMM GUITART",
    "lat": 41.411964,
    "lng": 2.015069,
    "activo": false,
    "nproyectos": 0
  },
  {
    "Nombre_placa": "PALAFRUGELL",
    "Nombre": "AUTOMOCIO I SERVEIS DEL NORD-EST, S.L.",
    "Direccion": "TORRES JONAMA, 92",
    "Localidad": "PALAFRUGELL",
    "CodigoPostal": "17200",
    "Provincia": "GERONA",
    "Nombre_placafinal": "AUTOMOCIO I SERVEIS DEL NORD-EST",
    "lat": 41.918304,
    "lng": 3.158596,
    "activo": false,
    "nproyectos": 0
  },
  {
    "Nombre_placa": "PALENCIA",
    "Nombre": "VICAUTO, S.A.U.",
    "Direccion": "C. EXTREMADURA, 13 (POL. NTRA. SRA. DE LOS ÁNGELES)",
    "Localidad": "PALENCIA",
    "CodigoPostal": "34004",
    "Provincia": "PALENCIA",
    "Nombre_placafinal": "VICAUTO",
    "lat": 42.005153,
    "lng": -4.518849,
    "activo": false,
    "nproyectos": 0
  },
  {
    "Nombre_placa": "PAMPLONA",
    "Nombre": "UNSAIN, S.L.U.",
    "Direccion": "CTRA. ZARAGOZA, KM. 3,5",
    "Localidad": "CORDOVILLA",
    "CodigoPostal": "31191",
    "Provincia": "NAVARRA",
    "Nombre_placafinal": "UNSAIN",
    "lat": 42.787291,
    "lng": -1.636899,
    "activo": false,
    "nproyectos": 0
  },
  {
    "Nombre_placa": "PONTEVEDRA",
    "Nombre": "CAETANO FÓRMULA GALICIA, S.L.U.",
    "Direccion": "CABANAS-SALCEDO, 24-26",
    "Localidad": "PONTEVEDRA",
    "CodigoPostal": "36143",
    "Provincia": "PONTEVEDRA",
    "Nombre_placafinal": "CAETANO FÓRMULA GALICIA",
    "lat": 42.4104,
    "lng": -8.6393,
    "activo": false,
    "nproyectos": 0
  },
  {
    "Nombre_placa": "SALAMANCA",
    "Nombre": "AUTO SALAMANCA CARS, S.L.",
    "Direccion": "CTRA. VALLADOLID, 93",
    "Localidad": "VILLARES DE LA REINA",
    "CodigoPostal": "37184",
    "Provincia": "SALAMANCA",
    "Nombre_placafinal": "AUTO SALAMANCA CARS",
    "lat": 40.993688,
    "lng": -5.638277,
    "activo": false,
    "nproyectos": 0
  },
  {
    "Nombre_placa": "SANT BOI",
    "Nombre": "ROS MOBISERVICES, S.A.",
    "Direccion": "CTRA. STA. CRUZ-CALAFELL, 1-5",
    "Localidad": "SANT BOI DE LLOBREGAT",
    "CodigoPostal": "08830",
    "Provincia": "BARCELONA",
    "Nombre_placafinal": "ROS MOBISERVICES",
    "lat": 41.3397,
    "lng": 2.048221,
    "activo": false,
    "nproyectos": 0
  },
  {
    "Nombre_placa": "SANTANDER",
    "Nombre": "VIDAL DE LA PEÑA AUTOMÓVILES, S.L.",
    "Direccion": "AVDA. DE PARAYAS, 1 (COMERCIAL)",
    "Localidad": "SANTANDER",
    "CodigoPostal": "39011",
    "Provincia": "CANTABRIA",
    "Nombre_placafinal": "VIDAL DE LA PEÑA AUTOMÓVILES",
    "lat": 43.450567,
    "lng": -3.82998,
    "activo": false,
    "nproyectos": 0
  },
  {
    "Nombre_placa": "SORIA",
    "Nombre": "AUTO GONSE, S.A.",
    "Direccion": "POL. IND. LAS CASAS, CALLE F. PARCELA 200A",
    "Localidad": "SORIA",
    "CodigoPostal": "42005",
    "Provincia": "SORIA",
    "Nombre_placafinal": "AUTO GONSE",
    "lat": 41.775066,
    "lng": -2.484699,
    "activo": false,
    "nproyectos": 0
  },
  {
    "Nombre_placa": "TARRAGONA",
    "Nombre": "AUTOXANDRI, S.A.U.",
    "Direccion": "JOSEP MARÍA FOLCH I TORRES, 12. POL. COM. LES GAVARRES",
    "Localidad": "TARRAGONA",
    "CodigoPostal": "43006",
    "Provincia": "TARRAGONA",
    "Nombre_placafinal": "AUTOXANDRI",
    "lat": 41.132771,
    "lng": 1.203797,
    "activo": false,
    "nproyectos": 0
  },
  {
    "Nombre_placa": "TERUEL",
    "Nombre": "AUTERSA SERVICIOS DE MOVILIDAD, S.A.",
    "Direccion": "POLIG. DE LA PAZ, C/ ATENAS, 39",
    "Localidad": "TERUEL",
    "CodigoPostal": "44195",
    "Provincia": "TERUEL",
    "Nombre_placafinal": "AUTERSA SERVICIOS DE MOVILIDAD",
    "lat": 40.363648,
    "lng": -1.146827,
    "activo": false,
    "nproyectos": 0
  },
  {
    "Nombre_placa": "TORTOSA",
    "Nombre": "J. GARAU, S.A.",
    "Direccion": "CARRETERA DE VALENCIA, S/N",
    "Localidad": "TORTOSA",
    "CodigoPostal": "43500",
    "Provincia": "TARRAGONA",
    "Nombre_placafinal": "J. GARAU",
    "lat": 40.809895,
    "lng": 0.513096,
    "activo": false,
    "nproyectos": 0
  },
  {
    "Nombre_placa": "VALLADOLID",
    "Nombre": "VALLADOLID AUTOMÓVIL, S.A.",
    "Direccion": "AVDA. MADRID, 50",
    "Localidad": "VALLADOLID",
    "CodigoPostal": "47008",
    "Provincia": "VALLADOLID",
    "Nombre_placafinal": "VALLADOLID AUTOMÓVIL",
    "lat": 41.611175,
    "lng": -4.726353,
    "activo": false,
    "nproyectos": 0
  },
  {
    "Nombre_placa": "VIGO",
    "Nombre": "TALLERES RODOSA, S.L.",
    "Direccion": "AVDA. DE MADRID, 135",
    "Localidad": "VIGO",
    "CodigoPostal": "36214",
    "Provincia": "PONTEVEDRA",
    "Nombre_placafinal": "TALLERES RODOSA",
    "lat": 42.220388,
    "lng": -8.7056,
    "activo": false,
    "nproyectos": 0
  },
  {
    "Nombre_placa": "ZARAGOZA",
    "Nombre": "LEOMOTOR ARAGÓN, S.L.",
    "Direccion": "MIGUEL FARADAY, 6",
    "Localidad": "ZARAGOZA",
    "CodigoPostal": "50014",
    "Provincia": "ZARAGOZA",
    "Nombre_placafinal": "LEOMOTOR ARAGÓN",
    "lat": 41.673807,
    "lng": -0.863189,
    "activo": false,
    "nproyectos": 0
  }
]